품번,품명,고객사,수주일,납기일,수주수량
A001,예시 하네스 A001,예시고객사1,2026-09-14,2026-10-02,1000
A002,예시 하네스 A002,예시고객사2,2026-09-15,2026-10-08,800
A003,예시 하네스 A003,예시고객사1,2026-09-16,2026-10-07,1200
A004,예시 하네스 A004,예시고객사3,2026-09-16,2026-10-09,500
A005,예시 하네스 A005,예시고객사2,2026-09-18,2026-10-13,500
A006,예시 하네스 A006,예시고객사3,2026-09-21,2026-09-30,300
A007,예시 하네스 A007,예시고객사1,2026-09-21,2026-10-06,380
A008,예시 하네스 A008,예시고객사2,2026-09-22,2026-10-05,250
A008,예시 하네스 A008,예시고객사2,2026-09-22,2026-10-12,250
A009,예시 하네스 A009,예시고객사3,2026-09-23,2026-10-16,100
A010,예시 하네스 A010,예시고객사1,2026-09-10,2026-09-25,120
A011,예시 하네스 A011,예시고객사2,2026-09-24,2026-10-09,350
A013,예시 하네스 A013,예시고객사3,2026-09-25,2026-10-20,100